{
    "frames": [
        {
            "name": "water-01",
            "position": {
                "x": 0,
                "y": 240,
                "w": 16,
                "h": 16
            }
        },
        {
            "name": "water-02",
            "position": {
                "x": 16,
                "y": 240,
                "w": 16,
                "h": 16
            }
        },
        {
            "name": "water-03",
            "position": {
                "x": 32,
                "y": 240,
                "w": 16,
                "h": 16
            }
        },
        {
            "name": "water-04",
            "position": {
                "x": 48,
                "y": 240,
                "w": 16,
                "h": 16
            }
        },
        {
            "name": "water-05",
            "position": {
                "x": 64,
                "y": 240,
                "w": 16,
                "h": 16
            }
        },
        {
            "name": "water-06",
            "position": {
                "x": 80,
                "y": 240,
                "w": 16,
                "h": 16
            }
        },
        {
            "name": "water-07",
            "position": {
                "x": 96,
                "y": 240,
                "w": 16,
                "h": 16
            }
        },
        {
            "name": "water-08",
            "position": {
                "x": 112,
                "y": 240,
                "w": 16,
                "h": 16
            }
        }
    ]
}
